3,0.000133991241455,0.000385046005249,0.000183038711548
4,0.000171899795532,0.000288963317871,0.000184011459351
5,7.89165496826e-05,0.000209093093872,0.000108361244202
6,9.51290130615e-05,0.000226020812988,0.00010594367981
7,9.60826873779e-05,0.000180959701538,0.00011314868927
8,0.000101089477539,0.000251054763794,0.000121698379517
9,0.000109910964966,0.000287055969238,0.000129723548889
10,0.000113964080811,0.000223875045776,0.000138592720032
11,0.000114917755127,0.00022292137146,0.000130314826965
12,0.000126838684082,0.000282049179077,0.000161480903625
13,0.000144958496094,0.000272035598755,0.000170450210571
14,0.00016188621521,0.000319957733154,0.000188059806824
15,0.00016188621521,0.000302076339722,0.000174942016602
16,0.000169038772583,0.000344038009644,0.000201964378357
17,0.000162124633789,0.000349998474121,0.000190873146057
18,0.00017786026001,0.000305891036987,0.000206003189087
19,0.000192165374756,0.000396013259888,0.00022403717041
20,0.000192880630493,0.000327110290527,0.000215878486633
21,0.000194072723389,0.000332117080688,0.000226936340332
22,0.000194072723389,0.00032901763916,0.000222496986389
23,0.000194787979126,0.000356912612915,0.000216579437256
24,0.000195980072021,0.000355958938599,0.000224471092224
25,0.000198125839233,0.000452995300293,0.000233325958252
26,0.000208854675293,0.000412940979004,0.000246691703796
27,0.000221014022827,0.000448942184448,0.000245518684387
28,0.000240087509155,0.00054407119751,0.000282034873962
29,0.000241041183472,0.00045108795166,0.000281801223755
30,0.000242948532104,0.000416040420532,0.000269150733948
31,0.000242948532104,0.000491142272949,0.000276098251343
32,0.000241041183472,0.000573873519897,0.000276446342468
33,0.000252962112427,0.000598907470703,0.000299291610718
34,0.000249862670898,0.000511884689331,0.000282921791077
35,0.000251054763794,0.000569105148315,0.00029999256134
36,0.000267028808594,0.000500917434692,0.000305438041687
37,0.000289916992188,0.000618934631348,0.000336136817932
38,0.000316858291626,0.00074291229248,0.000366811752319
39,0.000317096710205,0.00068211555481,0.000367350578308
40,0.000330924987793,0.000708103179932,0.000381255149841
41,0.000332832336426,0.000819206237793,0.000374751091003
42,0.000333070755005,0.000777959823608,0.000379586219788
43,0.000335216522217,0.000661134719849,0.000379099845886
44,0.000334978103638,0.000692844390869,0.00038200378418
45,0.000401973724365,0.000874996185303,0.000452446937561
46,0.000380992889404,0.00101900100708,0.000452890396118
47,0.000385046005249,0.000955820083618,0.000457239151001
48,0.000407934188843,0.000799894332886,0.000459294319153
49,0.000406980514526,0.000805854797363,0.000472078323364
50,0.000408887863159,0.00102305412292,0.000470042228699
51,0.000404834747314,0.000688076019287,0.000449738502502
52,0.000404119491577,0.000859022140503,0.000483746528625
53,0.000423908233643,0.000932931900024,0.000505032539368
54,0.000405073165894,0.000869035720825,0.000500168800354
55,0.000404119491577,0.000998020172119,0.00048647403717
56,0.00040602684021,0.00072193145752,0.000472378730774
57,0.000428915023804,0.000700950622559,0.000476355552673
58,0.000530958175659,0.000916957855225,0.000585961341858
59,0.000505924224854,0.000749826431274,0.00056746006012
60,0.000535011291504,0.000830888748169,0.000586686134338
61,0.000507831573486,0.000797986984253,0.000576705932617
62,0.000527143478394,0.000881195068359,0.000595622062683
63,0.000546932220459,0.00088095664978,0.000604000091553
64,0.000530958175659,0.00125002861023,0.000642671585083
65,0.000503063201904,0.00114798545837,0.000607385635376
66,0.00050687789917,0.00127387046814,0.000612664222717
67,0.000514030456543,0.00129985809326,0.000654821395874
68,0.000527858734131,0.00110292434692,0.000637564659119
69,0.000520944595337,0.000886917114258,0.000596208572388
70,0.000541925430298,0.000881910324097,0.000600175857544
71,0.000579118728638,0.000990867614746,0.000656380653381
72,0.000579118728638,0.00096583366394,0.000652208328247
73,0.000581979751587,0.00139307975769,0.000666613578796
74,0.000582933425903,0.00139117240906,0.000661649703979
75,0.000586032867432,0.000982999801636,0.000673518180847
76,0.000614881515503,0.0010781288147,0.000672817230225
77,0.000698089599609,0.00124406814575,0.000802760124207
78,0.000694990158081,0.00134181976318,0.000790991783142
79,0.000697135925293,0.00140786170959,0.000782313346863
80,0.000698089599609,0.00106906890869,0.000779709815979
81,0.000641107559204,0.00104808807373,0.000727820396423
82,0.000715017318726,0.00158214569092,0.0011075925827
83,0.000725030899048,0.00131487846375,0.000951952934265
84,0.000684022903442,0.00113296508789,0.000794215202332
85,0.000823974609375,0.00164413452148,0.000961050987244
86,0.000823974609375,0.00159192085266,0.000941743850708
87,0.000824928283691,0.00172305107117,0.000946402549744
88,0.000833034515381,0.00163292884827,0.000960378646851
89,0.00082802772522,0.00161981582642,0.000935626029968
90,0.000832796096802,0.00156807899475,0.000970497131348
91,0.000834941864014,0.00166296958923,0.000941019058228
92,0.000759124755859,0.00145506858826,0.000907602310181
93,0.000747919082642,0.00158500671387,0.000871696472168
94,0.000769853591919,0.0014979839325,0.000894041061401
95,0.000926971435547,0.00178217887878,0.00105616569519
96,0.000930070877075,0.0018618106842,0.0010503578186
97,0.00092887878418,0.00210213661194,0.00105757713318
98,0.000936985015869,0.0017671585083,0.00107461452484
99,0.000935077667236,0.00186920166016,0.00106788158417
100,0.000937938690186,0.00136780738831,0.00104635715485
101,0.00094199180603,0.00158786773682,0.00103070735931
102,0.000946998596191,0.00145101547241,0.00108596801758
103,0.000943899154663,0.00136208534241,0.00105189800262
104,0.000946998596191,0.00146794319153,0.00104232788086
105,0.000949859619141,0.00138092041016,0.00103641033173
106,0.000951051712036,0.00147390365601,0.0010666513443
107,0.000915050506592,0.00134801864624,0.00101511955261
108,0.00104093551636,0.00154805183411,0.0011519908905
109,0.0010449886322,0.00165414810181,0.00115416526794
110,0.000957012176514,0.00173497200012,0.00104734420776
111,0.000901937484741,0.00165414810181,0.00104301929474
112,0.00091814994812,0.00197291374207,0.0010350227356
113,0.000921964645386,0.00186085700989,0.0010191822052
114,0.000975131988525,0.00200796127319,0.00106686592102
115,0.000974893569946,0.00182700157166,0.00106564044952
116,0.000981092453003,0.00180602073669,0.00108899116516
117,0.000981092453003,0.00198912620544,0.00111212253571
118,0.000986814498901,0.00191283226013,0.00111025333405
119,0.00098991394043,0.00196290016174,0.00110210895538
120,0.000988960266113,0.00207901000977,0.00111340999603
121,0.00102305412292,0.00214099884033,0.00117040634155
122,0.00101494789124,0.00193095207214,0.00112704753876
123,0.00101399421692,0.00229096412659,0.00113975524902
124,0.00101900100708,0.00182509422302,0.00114839076996
125,0.00101780891418,0.00206398963928,0.00112711906433
126,0.00102210044861,0.00211095809937,0.00115296363831
127,0.00102496147156,0.00192713737488,0.00112598419189
128,0.00102686882019,0.00183796882629,0.00115208625793
129,0.00103306770325,0.00204110145569,0.0011882686615
130,0.00103688240051,0.00179696083069,0.00114796638489
131,0.00103521347046,0.00183486938477,0.00116063594818
132,0.0010678768158,0.00199294090271,0.00116628170013
133,0.0011260509491,0.0020067691803,0.00123378276825
134,0.00112819671631,0.00204205513,0.00125171661377
135,0.00113797187805,0.00189995765686,0.00125549316406
136,0.00113892555237,0.00207209587097,0.00126517772675
137,0.00112795829773,0.00208687782288,0.00126965999603
138,0.00114107131958,0.00171303749084,0.00124317169189
139,0.00116586685181,0.00176405906677,0.00127190589905
140,0.00117015838623,0.00177693367004,0.00128093242645
141,0.00117111206055,0.00182294845581,0.00130571842194
142,0.00156402587891,0.00223302841187,0.00169293403625
143,0.00156092643738,0.00234317779541,0.00170054912567
144,0.00157308578491,0.00241494178772,0.00173760414124
145,0.00157284736633,0.00336503982544,0.00174801826477
146,0.00158214569092,0.00301003456116,0.00176756381989
147,0.00157999992371,0.00244307518005,0.00171774864197
148,0.00158190727234,0.00268793106079,0.00177443027496
149,0.00158500671387,0.00251913070679,0.00171213626862
150,0.00125288963318,0.00209903717041,0.00141516685486
151,0.00125694274902,0.00191903114319,0.00138631820679
152,0.0012640953064,0.00180101394653,0.00136110782623
153,0.00126504898071,0.00182294845581,0.00140385150909
154,0.00126981735229,0.00189995765686,0.00137492656708
155,0.00126910209656,0.00191688537598,0.0013677072525
156,0.00126910209656,0.00194001197815,0.00143708705902
157,0.00132012367249,0.00199198722839,0.00149165630341
158,0.00131297111511,0.00197601318359,0.00143726825714
159,0.00132584571838,0.00378608703613,0.00154636383057
160,0.0013279914856,0.00194692611694,0.0014426279068
161,0.00132918357849,0.00201916694641,0.00144913196564
162,0.00134301185608,0.00203800201416,0.00145351886749
163,0.00133419036865,0.0019199848175,0.00143601417542
164,0.00134205818176,0.00207185745239,0.00147613048553
165,0.00134301185608,0.00200486183167,0.00144932746887
166,0.00134086608887,0.00194001197815,0.0014395570755
167,0.00134897232056,0.00207090377808,0.00149435520172
168,0.00136089324951,0.0024209022522,0.00148312568665
169,0.001384973526,0.00208306312561,0.00149108409882
170,0.00138401985168,0.00203394889832,0.00150814056396
171,0.00139307975769,0.0020911693573,0.00155274868011
172,0.00139594078064,0.00228500366211,0.00155784130096
173,0.00139904022217,0.00215601921082,0.00150888442993
174,0.00157999992371,0.00266408920288,0.00173864364624
175,0.00158286094666,0.00244998931885,0.00171917438507
176,0.00159001350403,0.00249600410461,0.00172853469849
177,0.00159001350403,0.00266003608704,0.00179297447205
178,0.00158905982971,0.00329804420471,0.00176856517792
179,0.00173807144165,0.00251889228821,0.00190609931946
180,0.00173807144165,0.00256204605103,0.00187730789185
181,0.00173807144165,0.00245308876038,0.00188301563263
182,0.00173401832581,0.00240898132324,0.00192683696747
183,0.00174498558044,0.00254797935486,0.00187242031097
184,0.00174117088318,0.00259184837341,0.00187927722931
185,0.0017511844635,0.00254011154175,0.00190502166748
186,0.00176191329956,0.00254511833191,0.00190023422241
187,0.0017569065094,0.00246095657349,0.0019197177887
188,0.00176501274109,0.00274515151978,0.00193562507629
189,0.00177001953125,0.00249981880188,0.00192070960999
190,0.00177502632141,0.00245499610901,0.00191256999969
191,0.00177788734436,0.00245308876038,0.00192803382874
192,0.0017728805542,0.00261497497559,0.00193927288055
193,0.00162696838379,0.00235295295715,0.00180895805359
194,0.00234985351562,0.00294709205627,0.00252799034119
195,0.00235486030579,0.00315308570862,0.00253439903259
196,0.00234889984131,0.00313496589661,0.00253742218018
197,0.00236296653748,0.00425386428833,0.00261194229126
198,0.00237083435059,0.00427913665771,0.00260681629181
199,0.00235891342163,0.00417304039001,0.00266066074371
200,0.00175404548645,0.0026319026947,0.00192227363586
201,0.00176596641541,0.00257396697998,0.00199132442474
202,0.00176692008972,0.00285887718201,0.00196134090424
203,0.00176906585693,0.002690076828,0.00193913936615
204,0.00177788734436,0.00262880325317,0.00190872192383
205,0.00178003311157,0.00277709960938,0.00194153785706
206,0.00182294845581,0.00282001495361,0.00200708389282
207,0.00183200836182,0.002769947052,0.00201613903046
208,0.00182509422302,0.00258088111877,0.00204391002655
209,0.00183296203613,0.00280094146729,0.00200335502625
210,0.00201487541199,0.00273180007935,0.00216399669647
211,0.00202894210815,0.0032000541687,0.00227519035339
212,0.00202083587646,0.00280618667603,0.00216557025909
213,0.00202107429504,0.00296306610107,0.00218458652496
214,0.00202989578247,0.00347590446472,0.00228526592255
215,0.00213503837585,0.00350689888,0.00235996246338
216,0.00214314460754,0.00290608406067,0.00234064102173
217,0.00214290618896,0.0027449131012,0.00230782032013
218,0.00214695930481,0.00312805175781,0.0022989654541
219,0.00215792655945,0.00361895561218,0.0023523235321
220,0.00215196609497,0.00328397750854,0.00237190246582
221,0.00216007232666,0.00354504585266,0.00230600357056
222,0.00216484069824,0.00367999076843,0.0023168182373
223,0.00216817855835,0.00314688682556,0.00231821537018
224,0.00203394889832,0.00320196151733,0.00228572368622
225,0.00204181671143,0.00310802459717,0.00219201564789
226,0.00203585624695,0.0036609172821,0.00222639083862
227,0.00205111503601,0.00319504737854,0.0022249174118
228,0.00205183029175,0.00322794914246,0.00227255821228
229,0.00205397605896,0.00355195999146,0.00227634429932
230,0.00205779075623,0.0034019947052,0.00222916126251
231,0.00211405754089,0.00311613082886,0.0022979927063
232,0.00211501121521,0.00317811965942,0.00231824398041
233,0.00211811065674,0.00323605537415,0.00238152503967
234,0.00218296051025,0.00324201583862,0.00237540245056
235,0.0021870136261,0.00376510620117,0.00239799022675
236,0.00219392776489,0.00352215766907,0.00235694408417
237,0.00221800804138,0.00354313850403,0.00244645118713
238,0.00220394134521,0.00317692756653,0.00236190319061
239,0.0022029876709,0.00332188606262,0.00238144397736
240,0.00220513343811,0.003014087677,0.00237461566925
241,0.00221014022827,0.00468587875366,0.00255876064301
242,0.0022120475769,0.00296306610107,0.00241913795471
243,0.00222682952881,0.00398397445679,0.00246130466461
244,0.0022280216217,0.00399112701416,0.00245450496674
245,0.00223302841187,0.00385999679565,0.00249935150146
246,0.00223994255066,0.00353097915649,0.00243291854858
247,0.00226998329163,0.0029571056366,0.00241842269897
248,0.00225710868835,0.00302505493164,0.00239240646362
249,0.00328588485718,0.00422620773315,0.00358722686768
250,0.00224304199219,0.00291585922241,0.00241991996765
251,0.00224184989929,0.00287890434265,0.00242478370667
252,0.00224900245667,0.00426602363586,0.00251735687256
253,0.00226616859436,0.00297999382019,0.00249071598053
254,0.00226998329163,0.00290203094482,0.00245668888092
255,0.00226998329163,0.00291609764099,0.00242690563202
256,0.00227880477905,0.00353193283081,0.00246259689331
257,0.00228595733643,0.00468397140503,0.00253839015961
258,0.00228810310364,0.00511503219604,0.00271572113037
259,0.00226998329163,0.00305104255676,0.00246091365814
260,0.00228118896484,0.00312304496765,0.00243224620819
261,0.00229382514954,0.00346899032593,0.0025643491745
262,0.00348401069641,0.00468492507935,0.00372315883636
263,0.00348806381226,0.00518798828125,0.00380045413971
264,0.00348901748657,0.00466799736023,0.00382654666901
265,0.00350618362427,0.00435996055603,0.00370609760284
266,0.00350999832153,0.00449585914612,0.00374546051025
267,0.00350713729858,0.00452995300293,0.00368031978607
268,0.00351095199585,0.00461006164551,0.00371599674225
269,0.00351500511169,0.00455904006958,0.00381309509277
270,0.00350904464722,0.00709700584412,0.00387632369995
271,0.00260210037231,0.00368714332581,0.0027757024765
272,0.00261902809143,0.00357294082642,0.00284192085266
273,0.002610206604,0.00336503982544,0.00281960487366
274,0.00261402130127,0.00332903862,0.00279447078705
275,0.00262689590454,0.00374293327332,0.00280830383301
276,0.00263094902039,0.00338816642761,0.00284806251526
277,0.00263118743896,0.00347805023193,0.00284883499146
278,0.0026330947876,0.00366902351379,0.00283981800079
279,0.00264310836792,0.00350999832153,0.00287415504456
280,0.00265502929688,0.00370788574219,0.00285824775696
281,0.00264286994934,0.00404286384583,0.00287816047668
282,0.00264382362366,0.00412678718567,0.00285305500031
283,0.00264096260071,0.00355815887451,0.00285003662109
284,0.00264596939087,0.00355195999146,0.00280788898468
285,0.00265312194824,0.00340986251831,0.00281714439392
286,0.00284886360168,0.00392889976501,0.00312885761261
287,0.00284099578857,0.00527787208557,0.00306533813477
288,0.00285601615906,0.00537395477295,0.00319512844086
289,0.0028510093689,0.00497698783875,0.00314790248871
290,0.00287008285522,0.00494194030762,0.00310645103455
291,0.00287699699402,0.00484991073608,0.00309961795807
292,0.00287389755249,0.00509691238403,0.00308884143829
293,0.00289797782898,0.00480103492737,0.00322205543518
294,0.0028920173645,0.00454592704773,0.00309237957001
295,0.00289487838745,0.0053699016571,0.00311015129089
296,0.0027391910553,0.00472688674927,0.00300545215607
297,0.00275111198425,0.00419497489929,0.0029952955246
298,0.00274300575256,0.00365400314331,0.00290186882019
299,0.00274801254272,0.00353002548218,0.00299691677094
300,0.002769947052,0.00487685203552,0.00299878120422
301,0.00288200378418,0.00403594970703,0.00317047595978
302,0.00284099578857,0.00361800193787,0.00304689884186
303,0.00292801856995,0.00380611419678,0.00318790912628
304,0.00293302536011,0.00378918647766,0.0031342458725
305,0.00292682647705,0.00378894805908,0.0031578207016
306,0.00292587280273,0.00514984130859,0.00321088790894
307,0.00294303894043,0.00396299362183,0.00314064502716
308,0.00293111801147,0.0038001537323,0.00313977241516
309,0.00294995307922,0.00424313545227,0.00321476459503
310,0.00296902656555,0.00421714782715,0.00318127155304
311,0.00307703018188,0.00438594818115,0.00329653263092
312,0.00309801101685,0.00461101531982,0.00339860439301
313,0.00308704376221,0.00475692749023,0.00330689430237
314,0.00309586524963,0.00446891784668,0.00329844474792
315,0.00310111045837,0.00442385673523,0.00332881450653
316,0.00310516357422,0.00419211387634,0.00332642555237
317,0.00312089920044,0.00401902198792,0.00329389095306
318,0.0031270980835,0.00415396690369,0.00337923049927
319,0.00311493873596,0.0040180683136,0.00330539226532
320,0.00311899185181,0.00386095046997,0.00334351062775
321,0.00313282012939,0.00437593460083,0.00335862636566
322,0.00312304496765,0.00451302528381,0.00332360744476
323,0.0031418800354,0.00441288948059,0.00338424682617
324,0.00314402580261,0.00476002693176,0.00340217590332
325,0.00339698791504,0.00451493263245,0.0035977602005
326,0.00342702865601,0.00462102890015,0.00361591339111
327,0.00340986251831,0.00474095344543,0.00362149715424
328,0.00341105461121,0.00473999977112,0.00364938259125
329,0.00346612930298,0.0050790309906,0.00372051715851
330,0.00341701507568,0.00464701652527,0.00371224880219
331,0.00344491004944,0.00506711006165,0.00370101451874
332,0.00346612930298,0.00466513633728,0.0037225151062
333,0.00346684455872,0.00457787513733,0.00376730918884
334,0.00345396995544,0.00484395027161,0.00371070861816
335,0.00348997116089,0.00475478172302,0.00378123283386
336,0.00346088409424,0.00462985038757,0.00373097896576
337,0.00346493721008,0.00458717346191,0.00371391773224
338,0.00343680381775,0.00452780723572,0.00367656230927
339,0.00339102745056,0.00446605682373,0.00358246803284
340,0.00340414047241,0.00462222099304,0.00370499610901
341,0.00344014167786,0.00452303886414,0.00366079807281
342,0.00340604782104,0.00478196144104,0.00362478733063
343,0.00341200828552,0.00484609603882,0.00370980262756
344,0.00345516204834,0.00443482398987,0.00368389129639
345,0.00341892242432,0.00462484359741,0.00366103649139
346,0.00344491004944,0.00467705726624,0.00373753070831
347,0.00347900390625,0.0044219493866,0.00367574214935
348,0.00345492362976,0.0045850276947,0.0036665058136
349,0.00347590446472,0.00469493865967,0.00370804309845
350,0.00351214408875,0.00436305999756,0.00369487762451
351,0.00349998474121,0.0060658454895,0.00381021022797
352,0.00350499153137,0.00568699836731,0.0037380695343
353,0.00352311134338,0.00552296638489,0.00373674869537
354,0.00351500511169,0.00604891777039,0.00377036094666
355,0.00349593162537,0.00586700439453,0.00374042987823
356,0.00414705276489,0.00715613365173,0.00445749759674
357,0.00409007072449,0.00668287277222,0.00433794498444
358,0.00409483909607,0.00499796867371,0.00433896541595
359,0.00414299964905,0.00506997108459,0.00441867828369
360,0.00576496124268,0.0073070526123,0.0060801076889
361,0.00578784942627,0.00747299194336,0.00608067035675
362,0.00581693649292,0.00712108612061,0.00613366127014
363,0.00591683387756,0.00730681419373,0.00619669914246
364,0.00593304634094,0.00760388374329,0.00625777721405
365,0.00594687461853,0.00725698471069,0.00637717247009
366,0.00595188140869,0.00736498832703,0.00623626232147
367,0.00593614578247,0.00739097595215,0.00630899429321
368,0.00596809387207,0.0079779624939,0.00635212421417
369,0.00594115257263,0.0072329044342,0.00633181095123
370,0.00601410865784,0.00805997848511,0.00652742862701
371,0.00601410865784,0.00744414329529,0.00631162166595
372,0.00600099563599,0.00734901428223,0.00634519577026
373,0.00612616539001,0.00824093818665,0.0066145658493
374,0.00614190101624,0.00833487510681,0.00649017810822
375,0.00611901283264,0.00822782516479,0.00657824039459
376,0.00614213943481,0.00827288627625,0.00649326324463
377,0.00615406036377,0.00792193412781,0.00645726203918
378,0.00411891937256,0.00547385215759,0.00439257621765
379,0.00409913063049,0.00558304786682,0.00438390254974
380,0.00412702560425,0.0055980682373,0.00449766159058
381,0.00412893295288,0.00545692443848,0.0044122171402
382,0.004154920578,0.00539898872375,0.00449892044067
383,0.00414299964905,0.00554013252258,0.00445318222046
384,0.00412392616272,0.00513315200806,0.00442044258118
385,0.00414490699768,0.00515413284302,0.0044198513031
386,0.00415897369385,0.00529909133911,0.00446443557739
387,0.004145860672,0.00560593605042,0.00445432186127
388,0.00661897659302,0.00896596908569,0.00708833217621
389,0.00663208961487,0.00800395011902,0.00700312614441
390,0.00665402412415,0.00863003730774,0.00707211971283
391,0.00662398338318,0.00897192955017,0.00707095146179
392,0.00664114952087,0.00849008560181,0.00705940723419
393,0.00670003890991,0.00899577140808,0.00719302654266
394,0.00665497779846,0.00819420814514,0.00702667236328
395,0.00666689872742,0.00808882713318,0.00705684185028
396,0.00668501853943,0.00915908813477,0.00701375007629
397,0.0067138671875,0.00949716567993,0.00715758800507
398,0.0066921710968,0.00970411300659,0.00710264205933
399,0.00666093826294,0.00956392288208,0.00700951099396
400,0.00413084030151,0.00663185119629,0.0044712305069
401,0.00412511825562,0.00624585151672,0.00437846183777
402,0.00414896011353,0.00694799423218,0.00446607112885
403,0.00415706634521,0.00661396980286,0.00446464061737
404,0.00408911705017,0.00683808326721,0.00440279483795
405,0.00408720970154,0.00759696960449,0.00438901424408
406,0.00410509109497,0.00712203979492,0.00444687843323
407,0.00411295890808,0.00667309761047,0.00439684867859
408,0.00410389900208,0.00678396224976,0.00438634395599
409,0.00412487983704,0.00582718849182,0.00444674491882
410,0.00492405891418,0.00809216499329,0.00523602485657
411,0.00477910041809,0.00760102272034,0.00520217895508
412,0.0047869682312,0.00608992576599,0.0050784444809
413,0.00482296943665,0.00633001327515,0.00518013954163
414,0.00479698181152,0.0061309337616,0.00510269641876
415,0.00481581687927,0.00597190856934,0.00512423038483
416,0.00483798980713,0.00622797012329,0.0051522397995
417,0.00485515594482,0.00606489181519,0.00519027709961
418,0.00484299659729,0.006108045578,0.00517250537872
419,0.00502800941467,0.00722408294678,0.00539793014526
420,0.00578284263611,0.00770592689514,0.00632510662079
421,0.00578498840332,0.00798797607422,0.00612525463104
422,0.00578498840332,0.00726389884949,0.0061812210083
423,0.0058000087738,0.00734305381775,0.00615451812744
424,0.00500202178955,0.00671887397766,0.00533629417419
425,0.00466012954712,0.00609612464905,0.00492650508881
426,0.00466299057007,0.00642991065979,0.00499627113342
427,0.00467300415039,0.00752186775208,0.00499291419983
428,0.00468993186951,0.00598192214966,0.00498739719391
429,0.00469994544983,0.00728392601013,0.00508925437927
430,0.00472402572632,0.00686097145081,0.00512124538422
431,0.00471305847168,0.00589895248413,0.00495213031769
432,0.00473809242249,0.00597715377808,0.00501353263855
433,0.00472497940063,0.00740098953247,0.00502562522888
434,0.00473690032959,0.00705695152283,0.00506388187408
435,0.0047459602356,0.00767493247986,0.00506428718567
436,0.00477695465088,0.00725603103638,0.00514960765839
437,0.00476479530334,0.00741815567017,0.00509565830231
438,0.00476813316345,0.00671911239624,0.00511145591736
439,0.00476884841919,0.00729203224182,0.00511975288391
440,0.00478196144104,0.00736713409424,0.0051539850235
441,0.00480794906616,0.00628590583801,0.00514902591705
442,0.00480103492737,0.0063328742981,0.00507033824921
443,0.00481200218201,0.00625419616699,0.00519187927246
444,0.00510001182556,0.00675702095032,0.00538007736206
445,0.00513696670532,0.00701093673706,0.00549157142639
446,0.00514984130859,0.00684809684753,0.00542656898499
447,0.00514221191406,0.00673508644104,0.00551354885101
448,0.00488114356995,0.00605201721191,0.00514526367187
449,0.00491809844971,0.006019115448,0.00522107124329
450,0.00490403175354,0.00671887397766,0.00526300430298
451,0.00492000579834,0.00721001625061,0.0053657579422
452,0.00490999221802,0.00723910331726,0.00534866809845
453,0.00496602058411,0.00745010375977,0.00539475440979
454,0.00497198104858,0.00696516036987,0.00527743816376
455,0.0049901008606,0.00721001625061,0.00529446601868
456,0.00495886802673,0.00726103782654,0.00530276298523
457,0.00501108169556,0.00838589668274,0.00539926528931
458,0.00498795509338,0.00739312171936,0.00534307479858
459,0.00499200820923,0.0073709487915,0.00531698703766
460,0.00497698783875,0.00633692741394,0.00532246589661
461,0.00502109527588,0.00603103637695,0.00530958175659
462,0.00501704216003,0.00647187232971,0.00534601211548
463,0.00504899024963,0.00644397735596,0.00533553123474
464,0.00504279136658,0.00632810592651,0.00535511016846
465,0.00506496429443,0.00656914710999,0.00534300804138
466,0.00506210327148,0.00621104240417,0.00535122394562
467,0.00505900382996,0.00655484199524,0.00537258148193
468,0.00505495071411,0.00622296333313,0.00540846347809
469,0.00507998466492,0.0061411857605,0.00534547328949
470,0.00508999824524,0.0064389705658,0.00540917396545
471,0.00508904457092,0.00619578361511,0.00539636135101
472,0.00510787963867,0.00610208511353,0.00540318489075
473,0.0050938129425,0.00669598579407,0.00547266483307
474,0.00510311126709,0.00679302215576,0.00548503875732
475,0.00512099266052,0.00711297988892,0.0054488658905
476,0.00512886047363,0.00662994384766,0.00541568279266
477,0.00514006614685,0.00628709793091,0.005495429039
478,0.00514793395996,0.00651788711548,0.00544209480286
479,0.00515794754028,0.0069568157196,0.00553603649139
480,0.00518202781677,0.00659608840942,0.00545248985291
481,0.00518107414246,0.00686693191528,0.00554275035858
482,0.00519609451294,0.00674700737,0.00550381183624
483,0.00521516799927,0.00667095184326,0.00549139499664
484,0.00520491600037,0.00675487518311,0.00552734851837
485,0.00906085968018,0.0123019218445,0.00975883483887
486,0.00905895233154,0.012598991394,0.00965011119843
487,0.00910687446594,0.0120210647583,0.00965069293976
488,0.00907802581787,0.0118100643158,0.0095535326004
489,0.00907707214355,0.0118360519409,0.00958824634552
490,0.00909805297852,0.0120811462402,0.00957359313965
491,0.00910210609436,0.0115849971771,0.00967175960541
492,0.00918102264404,0.0108730792999,0.00964199066162
493,0.009122133255,0.0116920471191,0.00969191551208
494,0.00911402702332,0.0120949745178,0.00970750808716
495,0.00912594795227,0.0117449760437,0.00974827766418
496,0.00913095474243,0.0113008022308,0.0097593832016
497,0.00913000106812,0.0109701156616,0.00967014312744
498,0.00914597511292,0.0109260082245,0.00962947845459
499,0.00920391082764,0.0110800266266,0.009658203125
500,0.0091609954834,0.0125589370728,0.00975843906403
501,0.00914192199707,0.0114929676056,0.00975442886353
502,0.0092339515686,0.0119111537933,0.00976858615875
503,0.00707101821899,0.00958609580994,0.00752331256866
504,0.00566983222961,0.00818800926208,0.00607100009918
505,0.00568699836731,0.00798416137695,0.00607590198517
506,0.0056791305542,0.00836896896362,0.00607722759247
507,0.00569891929626,0.0082471370697,0.00599207401276
508,0.0057110786438,0.00820302963257,0.00616508960724
509,0.00570893287659,0.0080029964447,0.00607985019684
510,0.0057168006897,0.00795412063599,0.00609955310822
511,0.0057590007782,0.00824093818665,0.00608905792236
512,0.00573897361755,0.00810694694519,0.00606697559357
513,0.00565695762634,0.00811195373535,0.00608322620392
514,0.00579786300659,0.00816202163696,0.00616186141968
515,0.00577998161316,0.00819683074951,0.00611291408539
516,0.0057909488678,0.00831294059753,0.00623066425323
517,0.00577998161316,0.00820517539978,0.00615985393524
518,0.00584197044373,0.00829410552979,0.00618771076202
519,0.00580787658691,0.00833201408386,0.00624218940735
520,0.00584101676941,0.00853300094604,0.00618805408478
521,0.00581908226013,0.00822114944458,0.00618773460388
522,0.00583505630493,0.00886011123657,0.00623445034027
523,0.00605297088623,0.00949501991272,0.00651815414429
524,0.00612807273865,0.00881004333496,0.00650850296021
525,0.00609493255615,0.00881791114807,0.00645894527435
526,0.00612711906433,0.00854992866516,0.00652200222015
527,0.00612115859985,0.00751996040344,0.0065106678009
528,0.0061399936676,0.00755405426025,0.006439204216
529,0.00614309310913,0.00755906105042,0.0065127658844
530,0.0061719417572,0.00773811340332,0.00652798175812
531,0.00614190101624,0.00764799118042,0.00660469532013
532,0.00681090354919,0.00859093666077,0.00723812103271
533,0.00679588317871,0.00893306732178,0.00728219985962
534,0.00682306289673,0.00884413719177,0.00724008083344
535,0.00683403015137,0.00959515571594,0.00721952915192
536,0.00685095787048,0.00877094268799,0.0072275686264
537,0.00685000419617,0.00883913040161,0.00725956916809
538,0.00684499740601,0.00793409347534,0.00720415115356
539,0.00686001777649,0.00856494903564,0.00730630397797
540,0.00689005851746,0.00872993469238,0.00729078292847
541,0.00688600540161,0.00885915756226,0.0073443365097
542,0.00692796707153,0.0082790851593,0.00730336666107
543,0.00691103935242,0.00845408439636,0.00730018138885
544,0.00693702697754,0.00861883163452,0.00743561267853
545,0.00694298744202,0.00845718383789,0.00730515956879
546,0.00695991516113,0.0111970901489,0.0074732208252
547,0.00696611404419,0.00975394248962,0.00742129802704
548,0.00696897506714,0.0111329555511,0.00754562854767
549,0.0069580078125,0.00875782966614,0.00739011764526
550,0.00693917274475,0.00872302055359,0.00731338977814
551,0.00703406333923,0.00971698760986,0.00754856109619
552,0.00701498985291,0.0094940662384,0.00750285625458
553,0.00643086433411,0.00862908363342,0.00676512241364
554,0.00643706321716,0.00831007957458,0.00684277057648
555,0.00645899772644,0.00872707366943,0.00687798500061
556,0.00648999214172,0.00843191146851,0.00689799308777
557,0.00669479370117,0.00822806358337,0.00718099594116
558,0.00671100616455,0.00967907905579,0.00714266777039
559,0.00670695304871,0.00973796844482,0.00717488765717
560,0.00674700737,0.00971603393555,0.00714839935303
561,0.00677299499512,0.00989603996277,0.00714378833771
562,0.00674676895142,0.0097029209137,0.00718344211578
563,0.00671720504761,0.00950288772583,0.00720562934875
564,0.00676298141479,0.0100119113922,0.00714478969574
565,0.00675988197327,0.00973200798035,0.00728079795837
566,0.00680899620056,0.0104858875275,0.00752559661865
567,0.00684499740601,0.0105991363525,0.00730910301208
568,0.00678992271423,0.00891995429993,0.00722026348114
569,0.00681304931641,0.0098249912262,0.00726653575897
570,0.00684595108032,0.00977993011475,0.00729555606842
571,0.00686502456665,0.00866794586182,0.00723007202148
572,0.00691699981689,0.00855207443237,0.00726402759552
573,0.00684380531311,0.0151681900024,0.00809471607208
574,0.0068781375885,0.00929188728333,0.00731674671173
575,0.00691604614258,0.0097119808197,0.007315325737
576,0.00691390037537,0.00969290733337,0.0073187828064
577,0.00690793991089,0.00944805145264,0.00732949256897
578,0.00689816474915,0.00833106040955,0.00728084564209
579,0.0129199028015,0.0159220695496,0.0136651182175
580,0.0130290985107,0.0149409770966,0.0136435413361
581,0.0130319595337,0.014955997467,0.0136895704269
582,0.00716710090637,0.00851106643677,0.00755126476288
583,0.00721096992493,0.00869488716125,0.00759984970093
584,0.00723695755005,0.00906801223755,0.00763221740723
585,0.00719881057739,0.0104401111603,0.00767081260681
586,0.0079870223999,0.0101211071014,0.0084983587265
587,0.00808596611023,0.00988292694092,0.00851373195648
588,0.00802302360535,0.0094940662384,0.00837500095367
589,0.0080349445343,0.00987792015076,0.00848299980164
590,0.00804114341736,0.0115888118744,0.00853047370911
591,0.00807809829712,0.0116820335388,0.00852316379547
592,0.00802803039551,0.0115020275116,0.00852822780609
593,0.00805687904358,0.0114028453827,0.00856612682343
594,0.00805401802063,0.0107231140137,0.00865959644318
595,0.00810289382935,0.0105130672455,0.00864399433136
596,0.00808691978455,0.0107769966125,0.00855578899384
597,0.00806999206543,0.00970792770386,0.00853162765503
598,0.00811910629272,0.010106086731,0.00859615325928
599,0.00813794136047,0.00968885421753,0.00853987216949
600,0.00815796852112,0.00984978675842,0.00856365203857
601,0.00817894935608,0.0102558135986,0.00866181850433
602,0.0081570148468,0.00991177558899,0.0086005449295
603,0.00812482833862,0.00999593734741,0.00863146781921
604,0.00871610641479,0.0102760791779,0.0092425775528
605,0.00881695747375,0.0118389129639,0.00943248748779
606,0.00876808166504,0.0105969905853,0.00927801132202
607,0.00876402854919,0.0120220184326,0.00941812992096
608,0.00881814956665,0.0127558708191,0.00944097995758
609,0.00879406929016,0.0117869377136,0.00928936004639
610,0.00879311561584,0.011892080307,0.00930037975311
611,0.00885486602783,0.0135290622711,0.00941593647003
612,0.0144021511078,0.0164558887482,0.0151490736008
613,0.0145411491394,0.0173299312592,0.0152385663986
614,0.0144729614258,0.0164570808411,0.0150917482376
615,0.0144979953766,0.0166730880737,0.0151380586624
616,0.0144820213318,0.0179369449615,0.0152061700821
617,0.0144901275635,0.0172519683838,0.0151752758026
618,0.0144469738007,0.0167751312256,0.0151432609558
619,0.0145380496979,0.0172688961029,0.0152800941467
620,0.0145139694214,0.0182631015778,0.0151987171173
621,0.0146441459656,0.0168251991272,0.0152276420593
622,0.0145349502563,0.0172588825226,0.0151377439499
623,0.014673948288,0.0174798965454,0.0152672815323
624,0.0146861076355,0.0179219245911,0.0152433538437
625,0.0145909786224,0.0167961120605,0.015354218483
626,0.0146901607513,0.0165920257568,0.0152625179291
627,0.014652967453,0.0186870098114,0.0153500318527
628,0.0147938728333,0.0166928768158,0.0153564023972
629,0.0146751403809,0.0169479846954,0.0152756786346
630,0.0146429538727,0.0173449516296,0.0152813053131
631,0.00848698616028,0.0101261138916,0.00887970924377
632,0.0115051269531,0.0134930610657,0.0119968128204
633,0.01154088974,0.0134370326996,0.0121029901505
634,0.0115859508514,0.0135560035706,0.0120522451401
635,0.011482000351,0.0137281417847,0.012041258812
636,0.0114681720734,0.0139558315277,0.0120962953568
637,0.0115420818329,0.014750957489,0.0122633647919
638,0.011579990387,0.0138509273529,0.0120765542984
639,0.00823783874512,0.0104749202728,0.00869446277618
640,0.00824785232544,0.0101821422577,0.00870585918427
641,0.00824403762817,0.0100908279419,0.0086646938324
642,0.00826001167297,0.0102198123932,0.00874047756195
643,0.00829386711121,0.0104060173035,0.00877339839935
644,0.00828289985657,0.0101652145386,0.00875335216522
645,0.00826001167297,0.00993394851685,0.00879166126251
646,0.0082700252533,0.0101411342621,0.00876997470856
647,0.00835800170898,0.0101451873779,0.00879022598267
648,0.00836515426636,0.00996613502502,0.00875611782074
649,0.0083429813385,0.0122480392456,0.00880165576935
650,0.0083270072937,0.0116391181946,0.00883907318115
651,0.00829601287842,0.00977683067322,0.00873056411743
652,0.0083589553833,0.0105640888214,0.00882171154022
653,0.00835299491882,0.012237071991,0.00905558109283
654,0.00838398933411,0.0109360218048,0.00895074367523
655,0.00839686393738,0.00992298126221,0.00885606765747
656,0.00844812393188,0.010274887085,0.00889016151428
657,0.00845503807068,0.010183095932,0.00883137702942
658,0.00845885276794,0.0121109485626,0.00896078586578
659,0.00844216346741,0.00986194610596,0.00890602588654
660,0.00857901573181,0.0102059841156,0.00906595230103
661,0.00867700576782,0.0105400085449,0.00916046619415
662,0.00859308242798,0.010617017746,0.00906585216522
663,0.00858211517334,0.0107271671295,0.00907277107239
664,0.00878000259399,0.0107879638672,0.00925127983093
665,0.00859498977661,0.0113980770111,0.00916240215302
666,0.00863695144653,0.0119128227234,0.00918600082397
667,0.00873589515686,0.0107009410858,0.00931084156036
668,0.0086510181427,0.0109238624573,0.00908482074738
669,0.00869798660278,0.0106410980225,0.0091264295578
670,0.00872993469238,0.0106081962585,0.00925449371338
671,0.0086829662323,0.011470079422,0.00909220695496
672,0.00866603851318,0.0116789340973,0.00922993659973
673,0.00885701179504,0.0116291046143,0.00927900314331
674,0.00866389274597,0.0115911960602,0.00924292564392
675,0.00870990753174,0.0114238262177,0.00930261611938
676,0.00887584686279,0.0119650363922,0.00939601421356
677,0.00874304771423,0.0118429660797,0.00921061992645
678,0.00881505012512,0.0114641189575,0.00933430194855
679,0.00931978225708,0.0116260051727,0.00993695735931
680,0.00915479660034,0.0114622116089,0.00965834617615
681,0.00920391082764,0.0112071037292,0.00965336322784
682,0.00936198234558,0.0115919113159,0.00996289730072
683,0.0092248916626,0.01127409935,0.00971372127533
684,0.00925588607788,0.0109851360321,0.00981820583344
685,0.00941109657288,0.0108079910278,0.0100037622452
686,0.00933313369751,0.0110530853271,0.00979794502258
687,0.00939011573792,0.0124869346619,0.00991597175598
688,0.00955581665039,0.011433839798,0.00997702598572
689,0.00933599472046,0.0112750530243,0.00980927944183
690,0.00933599472046,0.0114350318909,0.00986918926239
691,0.00951194763184,0.0130758285522,0.0100914335251
692,0.00933504104614,0.0127007961273,0.0098574924469
693,0.00932908058167,0.0162689685822,0.0100134563446
694,0.00958681106567,0.0130341053009,0.0101500415802
695,0.00986409187317,0.0129771232605,0.0103849649429
696,0.00928282737732,0.0134921073914,0.00986530303955
697,0.00922799110413,0.0132949352264,0.0100274419785
698,0.0091860294342,0.0129370689392,0.00978251934052
699,0.00927495956421,0.011579990387,0.0097705078125
700,0.00925517082214,0.0109939575195,0.00977522373199
701,0.00923919677734,0.0112490653992,0.00976231098175
702,0.00937795639038,0.0113520622253,0.00982459545135
703,0.00932097434998,0.0117259025574,0.00996580123901
704,0.00925993919373,0.0127990245819,0.00987683296204
705,0.00932908058167,0.0134558677673,0.00993114948273
706,0.00934314727783,0.0114209651947,0.00981087684631
707,0.00937485694885,0.0114288330078,0.00989586830139
708,0.00937509536743,0.01176404953,0.00985419273376
709,0.00937390327454,0.0110359191895,0.00990728378296
710,0.00940299034119,0.0114800930023,0.00994009017944
711,0.0093789100647,0.0120298862457,0.00989707946777
712,0.00941777229309,0.0108878612518,0.00986330032349
713,0.00939702987671,0.0111050605774,0.00995221614838
714,0.009437084198,0.0110552310944,0.00994555473328
715,0.0093982219696,0.0111949443817,0.0099667596817
716,0.00947713851929,0.0111320018768,0.0101425266266
717,0.00947403907776,0.0116350650787,0.00995373725891
718,0.00951313972473,0.0114669799805,0.00997252464294
719,0.00945901870728,0.0119149684906,0.0100052165985
720,0.0095419883728,0.0116858482361,0.0100215864182
721,0.00949597358704,0.0116500854492,0.0100097990036
722,0.00952792167664,0.0121858119965,0.0100385570526
723,0.00953507423401,0.0116991996765,0.0100440073013
724,0.00958895683289,0.0117919445038,0.010042181015
725,0.00954008102417,0.011862039566,0.0099899148941
726,0.00961899757385,0.0115950107574,0.0100883817673
727,0.00957822799683,0.0120079517365,0.0101088666916
728,0.00960278511047,0.0120401382446,0.0100862026215
729,0.00964999198914,0.0119521617889,0.0101297855377
730,0.00959610939026,0.0115368366241,0.0100813579559
731,0.00960206985474,0.0113718509674,0.0101247358322
732,0.0101120471954,0.0123178958893,0.010635099411
733,0.0101130008698,0.0122649669647,0.0106342220306
734,0.0101280212402,0.012188911438,0.0107239532471
735,0.0101561546326,0.0132751464844,0.010660367012
736,0.0101799964905,0.0120370388031,0.0106585025787
737,0.0101509094238,0.012787103653,0.0106856536865
738,0.0101599693298,0.0124700069427,0.0107411956787
739,0.010195016861,0.0128769874573,0.0107640647888
740,0.0102570056915,0.0123181343079,0.0107050466537
741,0.0120429992676,0.014219045639,0.0126060628891
742,0.0120701789856,0.0138080120087,0.0126056623459
743,0.0120451450348,0.014121055603,0.0125887918472
744,0.0120830535889,0.0140979290009,0.0126595163345
745,0.0121269226074,0.0154480934143,0.0128146219254
746,0.0104651451111,0.0129899978638,0.0110825014114
747,0.0105941295624,0.0134530067444,0.0111603069305
748,0.0106279850006,0.0129859447479,0.0111432743073
749,0.0106058120728,0.0124850273132,0.011082482338
750,0.0106091499329,0.0124270915985,0.0111654520035
751,0.0106902122498,0.0124480724335,0.011123342514
752,0.010675907135,0.0130960941315,0.0112275028229
753,0.0107398033142,0.0128448009491,0.0113483667374
754,0.0106258392334,0.0124218463898,0.0112721729279
755,0.0107350349426,0.014219045639,0.0114053916931
756,0.0107460021973,0.0138330459595,0.0113242816925
757,0.010705947876,0.0140619277954,0.0113793516159
758,0.0106039047241,0.0129339694977,0.0111375522614
759,0.010528087616,0.0125160217285,0.0111424446106
760,0.0106639862061,0.0128288269043,0.0111569309235
761,0.0105900764465,0.0131378173828,0.011175122261
762,0.010575056076,0.0126268863678,0.0111187267303
763,0.010644197464,0.0126988887787,0.0111524438858
764,0.0106220245361,0.0126750469208,0.0111547374725
765,0.0106399059296,0.0134410858154,0.0111627960205
766,0.0105230808258,0.012964963913,0.0110044956207
767,0.0104780197144,0.0126271247864,0.0109903001785
768,0.0105049610138,0.0125629901886,0.0110825824738
769,0.0104789733887,0.0126950740814,0.0110718250275
770,0.0105011463165,0.012552022934,0.0110832357407
771,0.0105891227722,0.0124180316925,0.0110569095612
772,0.0105221271515,0.0127251148224,0.0110594511032
773,0.0105240345001,0.0121729373932,0.0111031198502
774,0.0105850696564,0.012913942337,0.0110589122772
775,0.0105760097504,0.0147569179535,0.0113214540482
776,0.0105330944061,0.013466835022,0.0112746763229
777,0.0106270313263,0.0131659507751,0.0112472105026
778,0.0105788707733,0.0126440525055,0.0111771631241
779,0.0106089115143,0.0129268169403,0.0112245893478
780,0.0106339454651,0.0126090049744,0.0112488746643
781,0.0107169151306,0.012717962265,0.0112619495392
782,0.0106799602509,0.0124719142914,0.0112711715698
783,0.010733127594,0.0229120254517,0.0116644096375
784,0.0107038021088,0.0128998756409,0.0113129425049
785,0.0107278823853,0.0143449306488,0.0113659667969
786,0.0107810497284,0.0139188766479,0.0113671684265
787,0.0107729434967,0.0140969753265,0.0113052511215
788,0.0107660293579,0.0142750740051,0.0113211202621
789,0.0160970687866,0.0200219154358,0.0165651988983
790,0.015909910202,0.0190901756287,0.016591296196
791,0.0158498287201,0.020045042038,0.016604719162
792,0.0157661437988,0.0196480751038,0.0165542411804
793,0.0114879608154,0.0152680873871,0.0120716714859
794,0.0114839076996,0.0149018764496,0.0120810174942
795,0.0115621089935,0.0136978626251,0.0120955991745
796,0.011509180069,0.0139000415802,0.0121075534821
797,0.0115120410919,0.0137829780579,0.0121424770355
798,0.0236690044403,0.0273809432983,0.0243071222305
799,0.0236270427704,0.0276148319244,0.024573225975
800,0.0237801074982,0.0262470245361,0.0244681215286
801,0.0237350463867,0.0266790390015,0.0243834733963
802,0.023647069931,0.0266191959381,0.0243750619888
803,0.0236999988556,0.0272688865662,0.0245234727859
804,0.0238969326019,0.0267560482025,0.0245461606979
805,0.0237491130829,0.0268330574036,0.0245901441574
806,0.0237441062927,0.0262670516968,0.0245538568497
807,0.0237820148468,0.0267019271851,0.0245922327042
808,0.0239188671112,0.0273880958557,0.0246382904053
809,0.011479139328,0.0140490531921,0.0121412611008
810,0.0115079879761,0.0139088630676,0.0120634508133
811,0.011458158493,0.0134491920471,0.0120706319809
812,0.011458158493,0.0138127803802,0.0120504283905
813,0.0119619369507,0.0153620243073,0.0126606082916
814,0.0119779109955,0.0154831409454,0.0126712179184
815,0.0140841007233,0.0174241065979,0.0147043418884
816,0.0141010284424,0.0174181461334,0.0147621011734
817,0.0140810012817,0.0171408653259,0.0148751544952
818,0.014034986496,0.0166449546814,0.0147435331345
819,0.0140659809113,0.0164680480957,0.0147703647614
820,0.0140328407288,0.0164699554443,0.0148043394089
821,0.014219045639,0.016795873642,0.0148047018051
822,0.014093875885,0.0178270339966,0.0148950338364
823,0.0141770839691,0.0177581310272,0.0149694395065
824,0.0142199993134,0.0180599689484,0.0149953603745
825,0.0142140388489,0.0178680419922,0.0149224615097
826,0.0142419338226,0.0177819728851,0.0148895454407
827,0.014317035675,0.0175468921661,0.0149561452866
828,0.0142469406128,0.0174028873444,0.0149499893188
829,0.0252139568329,0.0287880897522,0.0261522960663
830,0.0253109931946,0.037162065506,0.0263221120834
831,0.0253820419312,0.0285589694977,0.0262822246552
832,0.0252649784088,0.0285818576813,0.0261679553986
833,0.0255019664764,0.0352718830109,0.0265653181076
834,0.0253899097443,0.0286839008331,0.0261838340759
835,0.0252439975739,0.0292010307312,0.0260427522659
836,0.0253059864044,0.0383269786835,0.0265506601334
837,0.0253760814667,0.0283041000366,0.0263564252853
838,0.0255830287933,0.0284049510956,0.0263840818405
839,0.0254020690918,0.0339071750641,0.026790895462
840,0.0256209373474,0.0392150878906,0.0266887903214
841,0.0255670547485,0.0289769172668,0.0264412593842
842,0.0255599021912,0.0296211242676,0.026446018219
843,0.0257420539856,0.0303938388824,0.0265766334534
844,0.0256400108337,0.0284740924835,0.0263892030716
845,0.0256178379059,0.0294291973114,0.0265919971466
846,0.0257120132446,0.0282559394836,0.0265133523941
847,0.0256640911102,0.028501033783,0.0266129732132
848,0.0143120288849,0.0169260501862,0.0151117753983
849,0.0145130157471,0.0164079666138,0.0151720762253
850,0.0144681930542,0.0167541503906,0.0151421165466
851,0.0143091678619,0.0164129734039,0.0151696109772
852,0.0143640041351,0.0166709423065,0.0151240253448
853,0.01442694664,0.0169777870178,0.0151702785492
854,0.0144581794739,0.0163478851318,0.0151495742798
855,0.0144839286804,0.0167708396912,0.0151970815659
856,0.0146958827972,0.0191948413849,0.0154611158371
857,0.0125789642334,0.0157058238983,0.0131427335739
858,0.0125150680542,0.0158829689026,0.0131545448303
859,0.0125679969788,0.0145719051361,0.0131723403931
860,0.012521982193,0.0158858299255,0.0132530498505
861,0.0125660896301,0.0156590938568,0.0131633424759
862,0.0125670433044,0.0155189037323,0.0132413339615
863,0.0125370025635,0.0160009860992,0.0133300876617
864,0.0126030445099,0.0155470371246,0.0132645654678
865,0.012659072876,0.0155808925629,0.0132753133774
866,0.0126428604126,0.015506029129,0.0133236980438
867,0.0126969814301,0.0159499645233,0.0133453655243
868,0.0126860141754,0.0159549713135,0.013343167305
869,0.0125949382782,0.0163161754608,0.0133451986313
870,0.0126478672028,0.0161030292511,0.0133070325851
871,0.0126628875732,0.0149750709534,0.0133766841888
872,0.0127580165863,0.0154440402985,0.0133495235443
873,0.0126781463623,0.0152640342712,0.0133916091919
874,0.0127401351929,0.0149638652802,0.0133460569382
875,0.0127282142639,0.0161781311035,0.0134791851044
876,0.012766122818,0.0151150226593,0.013358039856
877,0.0127699375153,0.0150680541992,0.0134711408615
878,0.0278041362762,0.0322139263153,0.0287872934341
879,0.0280220508575,0.0311529636383,0.0288948392868
880,0.0278170108795,0.0307648181915,0.0288131666183
881,0.0280699729919,0.036789894104,0.0292000293732
882,0.0279381275177,0.0310850143433,0.0289033031464
883,0.0280690193176,0.0313100814819,0.0290772390366
884,0.0279998779297,0.0320980548859,0.029095826149
885,0.0279908180237,0.0310318470001,0.0289545154572
886,0.0282039642334,0.0312008857727,0.0290978908539
887,0.0279731750488,0.0330941677094,0.0291609477997
888,0.0281929969788,0.0331020355225,0.0292062902451
889,0.0283300876617,0.0549559593201,0.0309272527695
890,0.028128862381,0.0410680770874,0.0293581151962
891,0.0282549858093,0.0323648452759,0.0292937755585
892,0.0283501148224,0.0306251049042,0.0290986347198
893,0.0282809734344,0.0319728851318,0.0293545055389
894,0.0282919406891,0.0318660736084,0.0292042589188
895,0.0283708572388,0.0309209823608,0.0292475652695
896,0.0282909870148,0.0308890342712,0.0291508674622
897,0.01384806633,0.0161089897156,0.0145179462433
898,0.0139191150665,0.0162498950958,0.0146612787247
899,0.0140688419342,0.0164060592651,0.0145946025848
900,0.0138609409332,0.0160129070282,0.0145617628098
901,0.0139648914337,0.0161550045013,0.0145713472366
902,0.0139439105988,0.0164461135864,0.0146383476257
903,0.0138781070709,0.0163149833679,0.0146667337418
904,0.0140271186829,0.0168869495392,0.0147066116333
905,0.0139031410217,0.0159819126129,0.0145361280441
906,0.0139441490173,0.0159270763397,0.0146811628342
907,0.0140719413757,0.0161788463593,0.0146882343292
908,0.0139660835266,0.0168581008911,0.0146670770645
909,0.0139818191528,0.0163691043854,0.0147039651871
910,0.0140080451965,0.0158548355103,0.0148061704636
911,0.0140619277954,0.0170199871063,0.0148602819443
912,0.0183129310608,0.0210309028625,0.0189415645599
913,0.0182178020477,0.0208129882812,0.0189491701126
914,0.0181741714478,0.0204060077667,0.0188946676254
915,0.0182349681854,0.0207149982452,0.0188949537277
916,0.0183789730072,0.0211050510406,0.0191322040558
917,0.0182168483734,0.0206160545349,0.0189900875092
918,0.0183691978455,0.02064204216,0.019165263176
919,0.0150561332703,0.018846988678,0.0158816719055
920,0.0152039527893,0.0177431106567,0.0158941888809
921,0.0151929855347,0.0201721191406,0.0158498287201
922,0.0150599479675,0.0171818733215,0.0159706878662
923,0.0152859687805,0.0175020694733,0.0159261035919
924,0.015289068222,0.0176961421967,0.0158685874939
925,0.0151078701019,0.0174448490143,0.015877790451
926,0.0151889324188,0.01722407341,0.015913901329
927,0.0152099132538,0.0171749591827,0.0158485984802
928,0.015191078186,0.0176451206207,0.0159233236313
929,0.0153291225433,0.0176589488983,0.0161367702484
930,0.015291929245,0.0174369812012,0.015967206955
931,0.0152719020844,0.0178699493408,0.0160181760788
932,0.0154190063477,0.0178158283234,0.0159788608551
933,0.0154340267181,0.0180451869965,0.0160521602631
934,0.0153071880341,0.0180180072784,0.0161299991608
935,0.0155739784241,0.0180599689484,0.0161446094513
936,0.0153501033783,0.0177071094513,0.016158618927
937,0.0153610706329,0.0181450843811,0.0161151027679
938,0.0155200958252,0.0176999568939,0.0160164546967
939,0.0154690742493,0.0192790031433,0.0162497806549
940,0.0144870281219,0.018413066864,0.0152455806732
941,0.0145301818848,0.0205721855164,0.0156103897095
942,0.0145170688629,0.0187001228333,0.0152427482605
943,0.0146119594574,0.0189118385315,0.0156352043152
944,0.0146038532257,0.0182230472565,0.0154422521591
945,0.0145378112793,0.0177409648895,0.0153966999054
946,0.0146129131317,0.0282781124115,0.016054353714
947,0.0197768211365,0.022665977478,0.0203143072128
948,0.0195910930634,0.022479057312,0.0203524541855
949,0.0196299552917,0.0222959518433,0.0203001308441
950,0.019807100296,0.0221180915833,0.0202886343002
951,0.0197770595551,0.0227649211884,0.0205382061005
952,0.0195970535278,0.0232930183411,0.0204422903061
953,0.0197651386261,0.0240089893341,0.0203325128555
954,0.0198221206665,0.0234048366547,0.0205443906784
955,0.0197908878326,0.0234441757202,0.0205555295944
956,0.0197911262512,0.0234508514404,0.0205237913132
957,0.0198540687561,0.0248930454254,0.0205883312225
958,0.0229229927063,0.0267019271851,0.0235719203949
959,0.0228910446167,0.0262219905853,0.0236790943146
960,0.0229699611664,0.0259480476379,0.0236334848404
961,0.0230450630188,0.0256431102753,0.0237514066696
962,0.0229430198669,0.0262579917908,0.023692741394
963,0.0230519771576,0.0262889862061,0.0236992025375
964,0.0230669975281,0.0267450809479,0.0237540149689
965,0.0230009555817,0.026951789856,0.0237483453751
966,0.0230770111084,0.0256659984589,0.0237209224701
967,0.0230247974396,0.0262858867645,0.0237734079361
968,0.0229749679565,0.0268929004669,0.0237694263458
969,0.0231411457062,0.0258378982544,0.0239208936691
970,0.023108959198,0.0270030498505,0.0238386821747
971,0.0232400894165,0.0268268585205,0.0239264965057
972,0.023185968399,0.0272870063782,0.0242047739029
973,0.0237619876862,0.0282330513,0.0247020626068
974,0.0239720344543,0.0319809913635,0.0249266576767
975,0.0233731269836,0.0268421173096,0.0243233299255
976,0.0233778953552,0.0259480476379,0.0242505836487
977,0.0233597755432,0.0264279842377,0.0242846298218
978,0.0235469341278,0.0270149707794,0.0242986297607
979,0.0233540534973,0.0265550613403,0.0242850542068
980,0.0237519741058,0.025860786438,0.0243602132797
981,0.0234999656677,0.0280780792236,0.0244129753113
982,0.0234611034393,0.0291709899902,0.0248236608505
983,0.0236260890961,0.0265328884125,0.0243440008163
984,0.0234861373901,0.0259649753571,0.0242649650574
985,0.0235018730164,0.0266170501709,0.0245173501968
986,0.0236659049988,0.0271809101105,0.0244170665741
987,0.0235989093781,0.0286660194397,0.024288482666
988,0.0237319469452,0.0269169807434,0.0243997097015
989,0.0235080718994,0.0276510715485,0.0243199586868
990,0.0235731601715,0.0261571407318,0.0243257522583
991,0.0235900878906,0.0260438919067,0.0242982339859
992,0.0236649513245,0.0262761116028,0.0244405603409
993,0.0237658023834,0.0282120704651,0.0247213745117
994,0.0238690376282,0.0261859893799,0.0247330570221
995,0.023943901062,0.0269520282745,0.0245649623871
996,0.0237019062042,0.0271229743958,0.0246475124359
997,0.023824930191,0.0267901420593,0.0244962120056
998,0.0238440036774,0.0263109207153,0.0245483541489
999,0.0237369537354,0.0271360874176,0.0245786333084
1000,0.0236990451813,0.0264909267426,0.0244238471985
1001,0.0238029956818,0.0261170864105,0.0245454788208
1002,0.0238268375397,0.0272569656372,0.0245062398911
1003,0.0240080356598,0.0276539325714,0.024710817337
1004,0.0239748954773,0.0267000198364,0.0247452640533
1005,0.0239751338959,0.0281388759613,0.0247685146332
1006,0.0239040851593,0.0295701026917,0.0248928928375
1007,0.0241560935974,0.0268311500549,0.0248028659821
1008,0.016294002533,0.0184190273285,0.0170538234711
1009,0.0167589187622,0.0193989276886,0.0174926042557
1010,0.0167388916016,0.0194680690765,0.017479300499
1011,0.016942024231,0.0193059444427,0.0175455474854
1012,0.0167689323425,0.0193438529968,0.017545375824
1013,0.0167729854584,0.0188829898834,0.017445063591
1014,0.0168070793152,0.0193829536438,0.017522778511
1015,0.0168669223785,0.0194029808044,0.0175694513321
1016,0.016804933548,0.0190470218658,0.0176447677612
1017,0.0168759822845,0.0196979045868,0.0176464080811
1018,0.0169429779053,0.0192120075226,0.0177693891525
1019,0.0168309211731,0.0194840431213,0.0176332807541
1020,0.0168881416321,0.0214970111847,0.0179022169113
1021,0.0169551372528,0.019819021225,0.0176594924927
1022,0.0168960094452,0.0192139148712,0.0176288414001
1023,0.0161030292511,0.0192260742188,0.0170249605179
1024,0.0161092281342,0.0188269615173,0.0168883228302
1025,0.0161499977112,0.0187830924988,0.0170057249069
1026,0.0162041187286,0.0192179679871,0.0170423984528
1027,0.0163090229034,0.0188210010529,0.0169195604324
1028,0.0171902179718,0.0201728343964,0.0177627229691
1029,0.016881942749,0.0194659233093,0.0178359460831
1030,0.0171217918396,0.0201132297516,0.0177794408798
1031,0.0170869827271,0.0193920135498,0.0178763580322
1032,0.0171341896057,0.0198800563812,0.0178783178329
1033,0.0170049667358,0.0200788974762,0.0178494119644
1034,0.0172169208527,0.0207970142365,0.017957406044
1035,0.0172979831696,0.0203838348389,0.0178802776337
1036,0.0172190666199,0.0198910236359,0.0179646444321
1037,0.0171778202057,0.0200710296631,0.0179100704193
1038,0.0171620845795,0.0201811790466,0.0179716920853
1039,0.0380210876465,0.0429499149323,0.0392976236343
1040,0.0377779006958,0.0429739952087,0.0389011001587
1041,0.0378949642181,0.0450348854065,0.0393691730499
1042,0.0379569530487,0.0415630340576,0.0390623855591
1043,0.0379109382629,0.040894985199,0.0391564702988
1044,0.0380771160126,0.0409398078918,0.0389754581451
1045,0.0379078388214,0.0421769618988,0.0390999412537
1046,0.0376749038696,0.0416059494019,0.0389828014374
1047,0.0378520488739,0.0423369407654,0.0389446544647
1048,0.0382511615753,0.0424129962921,0.0391797733307
1049,0.0383679866791,0.0416111946106,0.0391500377655
1050,0.021497964859,0.0246520042419,0.0222062397003
1051,0.0216419696808,0.02423787117,0.0222821092606
1052,0.0214948654175,0.0241191387177,0.022157907486
1053,0.0216369628906,0.0246500968933,0.0222703313828
1054,0.0215299129486,0.0247068405151,0.0222223806381
1055,0.0215709209442,0.0247759819031,0.0223841810226
1056,0.0214879512787,0.0254130363464,0.0222075843811
1057,0.021763086319,0.0239078998566,0.0223079824448
1058,0.0216472148895,0.0248730182648,0.0223655366898
1059,0.0216629505157,0.0244579315186,0.0223031759262
1060,0.021782875061,0.0255990028381,0.0223818922043
1061,0.0216579437256,0.0247228145599,0.0223298072815
1062,0.0216310024261,0.0240890979767,0.02232380867
1063,0.0217130184174,0.0247740745544,0.0223364639282
1064,0.0217499732971,0.0241749286652,0.0224901294708
1065,0.0217669010162,0.0242328643799,0.022425570488
1066,0.021803855896,0.0248420238495,0.0224611949921
1067,0.0219278335571,0.0244038105011,0.0226279449463
1068,0.0219049453735,0.0247910022736,0.0228446054459
1069,0.0220530033112,0.0370059013367,0.0230891895294
1070,0.0219039916992,0.024307012558,0.0226229190826
1071,0.0190050601959,0.0229408740997,0.0196973419189
1072,0.0188100337982,0.0304391384125,0.0200680494308
1073,0.0191359519958,0.0222320556641,0.0198356628418
1074,0.0188219547272,0.0222520828247,0.0198730707169
1075,0.0409970283508,0.0450370311737,0.042179312706
1076,0.0410439968109,0.0447380542755,0.0420211648941
1077,0.0410900115967,0.0452969074249,0.0421359539032
1078,0.0408871173859,0.0456190109253,0.042044210434
1079,0.0413110256195,0.0443661212921,0.0422319507599
1080,0.0411520004272,0.0461370944977,0.0422882556915
1081,0.0412001609802,0.0463569164276,0.0422914886475
1082,0.0410771369934,0.0463008880615,0.0425797224045
1083,0.041020154953,0.046355009079,0.0421367883682
1084,0.0413110256195,0.0448930263519,0.0422283220291
1085,0.0411188602448,0.0454499721527,0.0422093200684
1086,0.0410490036011,0.045912027359,0.0421785783768
1087,0.041216135025,0.0449831485748,0.0423660039902
1088,0.0411510467529,0.0458338260651,0.0422805118561
1089,0.0412781238556,0.0463998317719,0.0423765468597
1090,0.0411748886108,0.0458800792694,0.0424270009995
1091,0.0412800312042,0.0450329780579,0.0423296070099
1092,0.0412309169769,0.0448591709137,0.0423469591141
1093,0.0415191650391,0.0456218719482,0.0426358604431
1094,0.041209936142,0.0454668998718,0.0424161672592
1095,0.0415668487549,0.0489161014557,0.0427306032181
1096,0.0412440299988,0.0478949546814,0.0424762058258
1097,0.0415160655975,0.0476341247559,0.0425268602371
1098,0.0413639545441,0.0455169677734,0.0425142717361
1099,0.0415029525757,0.0492630004883,0.0427170467377
1100,0.041562795639,0.0469341278076,0.0425025463104
1101,0.0413579940796,0.0452351570129,0.0425977611542
1102,0.0413269996643,0.0445690155029,0.0425147819519
1103,0.0415370464325,0.046247959137,0.0426327419281
1104,0.0185220241547,0.0231590270996,0.0194535112381
1105,0.0193438529968,0.0218999385834,0.0199237251282
1106,0.018707036972,0.0213921070099,0.019464302063
1107,0.0189249515533,0.021656036377,0.0195781707764
1108,0.019348859787,0.0215759277344,0.0198843050003
1109,0.0186989307404,0.0217900276184,0.0195833826065
1110,0.0189080238342,0.0210788249969,0.0195713329315
1111,0.019376039505,0.021332025528,0.0199894428253
1112,0.0189561843872,0.0220351219177,0.0196149539948
1113,0.0190989971161,0.0214130878448,0.0196199226379
1114,0.0195269584656,0.0222418308258,0.0200645589828
1115,0.0200788974762,0.0222039222717,0.0206428909302
1116,0.0201239585876,0.022941827774,0.0207345962524
1117,0.0205891132355,0.0263969898224,0.0212887334824
1118,0.0202190876007,0.0229358673096,0.0208449220657
1119,0.0201451778412,0.0226550102234,0.0207689285278
1120,0.0206799507141,0.0233299732208,0.021266040802
1121,0.0202989578247,0.0225079059601,0.020862622261
1122,0.0202510356903,0.0226979255676,0.020925488472
1123,0.020781993866,0.0238010883331,0.0216655540466
1124,0.0202820301056,0.0243539810181,0.0210328531265
1125,0.0203750133514,0.0226418972015,0.0209761857986
1126,0.0207200050354,0.023432970047,0.0214654779434
1127,0.0203981399536,0.0235590934753,0.0210054588318
1128,0.0203919410706,0.0231630802155,0.0209706020355
1129,0.0209028720856,0.0234849452972,0.0214747142792
1130,0.0202758312225,0.0228688716888,0.0208627319336
1131,0.0204918384552,0.0243139266968,0.0214043951035
1132,0.0208849906921,0.0246660709381,0.0215428686142
1133,0.0205321311951,0.0248289108276,0.0211802387238
1134,0.0204169750214,0.0256140232086,0.0212191724777
1135,0.0209949016571,0.0241680145264,0.0216532087326
1136,0.0205278396606,0.0242159366608,0.0212007379532
1137,0.0205428600311,0.0236339569092,0.0212636232376
1138,0.0210049152374,0.0242240428925,0.0216736555099
1139,0.020672082901,0.02365899086,0.0212896060944
1140,0.02068400383,0.0228049755096,0.0212576723099
1141,0.0211200714111,0.0252709388733,0.0220134305954
1142,0.0206859111786,0.024108171463,0.0213692903519
1143,0.0230760574341,0.0267219543457,0.0238292694092
1144,0.0229890346527,0.0261518955231,0.0236660242081
1145,0.0230209827423,0.0257530212402,0.0237104415894
1146,0.0229079723358,0.0259728431702,0.0236234426498
1147,0.0228681564331,0.02663397789,0.0237545442581
1148,0.0228190422058,0.0255610942841,0.0236360740662
1149,0.0232679843903,0.0265140533447,0.0239641475677
1150,0.0230619907379,0.0260279178619,0.0237791728973
1151,0.023050069809,0.0260059833527,0.0238969707489
1152,0.0230920314789,0.026556968689,0.0239414024353
1153,0.0206580162048,0.0233998298645,0.0212926959991
1154,0.0204889774323,0.0234611034393,0.0211248111725
1155,0.0211379528046,0.0251350402832,0.0219175100327
1156,0.0216820240021,0.0245170593262,0.0223856925964
1157,0.0217661857605,0.024257183075,0.0224019098282
1158,0.0204541683197,0.0243649482727,0.0211341762543
1159,0.0205068588257,0.0230150222778,0.0211301660538
1160,0.0205380916595,0.0230638980865,0.0211268091202
1161,0.0207419395447,0.0234000682831,0.0212868118286
1162,0.020457983017,0.0240330696106,0.0212715959549
1163,0.0205509662628,0.0243229866028,0.0211971664429
1164,0.0204880237579,0.0231711864471,0.0210827159882
1165,0.0205361843109,0.022805929184,0.0211269426346
1166,0.020525932312,0.0227339267731,0.0211738967896
1167,0.0206480026245,0.0234861373901,0.0214635419846
1168,0.0205099582672,0.0235970020294,0.021230711937
1169,0.0206758975983,0.0237150192261,0.0213408231735
1170,0.0323150157928,0.0382440090179,0.0335495376587
1171,0.0325288772583,0.0377907752991,0.033562874794
1172,0.0324850082397,0.0359370708466,0.0335310268402
1173,0.0326859951019,0.037150144577,0.0338773584366
1174,0.0326490402222,0.0360169410706,0.0335588741302
1175,0.0326840877533,0.0361549854279,0.0337575340271
1176,0.0324959754944,0.0368659496307,0.0337162160873
1177,0.0325498580933,0.036465883255,0.0337011051178
1178,0.0326640605927,0.0368120670319,0.0338756465912
1179,0.0326972007751,0.0372850894928,0.0337302541733
1180,0.03280210495,0.0362350940704,0.0338803958893
1181,0.0329191684723,0.0380029678345,0.0339859199524
1182,0.0327360630035,0.0365240573883,0.0336723947525
1183,0.0230450630188,0.0275568962097,0.0239289045334
1184,0.0230541229248,0.0270979404449,0.0236887788773
1185,0.022971868515,0.0273258686066,0.0237382316589
1186,0.0230419635773,0.0271708965302,0.02385409832
1187,0.0230660438538,0.0265970230103,0.0238347053528
1188,0.0211970806122,0.0261709690094,0.022113404274
1189,0.0214941501617,0.0247778892517,0.0220893478394
1190,0.0214159488678,0.0234570503235,0.0220457458496
1191,0.0214598178864,0.0265738964081,0.022168006897
1192,0.0214750766754,0.0246570110321,0.0220896625519
1193,0.0214991569519,0.0261399745941,0.022225484848
1194,0.0214929580688,0.025249004364,0.0223388290405
1195,0.0214829444885,0.0253159999847,0.0223143720627
1196,0.0215349197388,0.0247240066528,0.0223171615601
1197,0.0216028690338,0.0246689319611,0.0222263336182
1198,0.0215318202972,0.0247049331665,0.0221580600739
1199,0.0216009616852,0.0245349407196,0.0223200178146
1200,0.0215210914612,0.024689912796,0.0223195075989
1201,0.0215620994568,0.0244541168213,0.02220246315
1202,0.0215709209442,0.0257480144501,0.0223728132248
1203,0.0217840671539,0.0245900154114,0.0225222015381
1204,0.0216820240021,0.0246660709381,0.0222952413559
1205,0.0218780040741,0.025759935379,0.0228188991547
1206,0.0218501091003,0.0247461795807,0.0226086235046
1207,0.0218679904938,0.024817943573,0.0225564336777
1208,0.0218908786774,0.0240762233734,0.0224748802185
1209,0.0218439102173,0.0305168628693,0.0227636575699
1210,0.0219321250916,0.0267000198364,0.0235611581802
1211,0.0219049453735,0.0307757854462,0.0240525627136
1212,0.0219321250916,0.025426864624,0.0229156398773
1213,0.0219130516052,0.0253081321716,0.0227433395386
1214,0.0219371318817,0.0251429080963,0.02280418396
1215,0.0217900276184,0.0247139930725,0.0225936412811
1216,0.0235371589661,0.0267457962036,0.0245254230499
1217,0.023549079895,0.0285019874573,0.0243516302109
1218,0.0236010551453,0.0263679027557,0.0243713140488
1219,0.022675037384,0.0277369022369,0.0242451095581
1220,0.0224759578705,0.025444984436,0.023166012764
1221,0.022301197052,0.0255060195923,0.0231973838806
1222,0.0223541259766,0.0258581638336,0.0231654930115
1223,0.0224220752716,0.025120973587,0.0230990934372
1224,0.0246160030365,0.0304410457611,0.0260456705093
1225,0.0247578620911,0.0279297828674,0.0255065345764
1226,0.02459192276,0.0273921489716,0.0256926727295
1227,0.0247700214386,0.0283720493317,0.0257084178925
1228,0.0247428417206,0.0275061130524,0.0255936145782
1229,0.0248138904572,0.0283050537109,0.0257629442215
1230,0.0248780250549,0.0280940532684,0.0257430553436
1231,0.0249359607697,0.0289959907532,0.0257864189148
1232,0.0247669219971,0.0281510353088,0.0256949424744
1233,0.0249769687653,0.0283498764038,0.0257874107361
1234,0.0249180793762,0.029333114624,0.0259010314941
1235,0.0248291492462,0.0275480747223,0.0257363319397
1236,0.0248789787292,0.0279049873352,0.0256061172485
1237,0.0247650146484,0.0279870033264,0.025570731163
1238,0.0249078273773,0.0337171554565,0.0277833938599
1239,0.0252749919891,0.0360209941864,0.0266800022125
1240,0.0254158973694,0.0283370018005,0.0260094928741
1241,0.0259850025177,0.0365149974823,0.0288253307343
1242,0.025582075119,0.0322189331055,0.0275516557693
1243,0.0242440700531,0.0305068492889,0.0265825748444
1244,0.0232038497925,0.0274550914764,0.0246353673935
1245,0.0234470367432,0.0354511737823,0.0258845949173
1246,0.022989988327,0.0399720668793,0.0252673864365
1247,0.0233018398285,0.0334270000458,0.0258045625687
1248,0.0241279602051,0.0376980304718,0.0270021772385
1249,0.0236799716949,0.0370109081268,0.0274389219284
1250,0.0233330726624,0.0301721096039,0.0253915500641
1251,0.0230050086975,0.0300769805908,0.0251203870773
1252,0.0230159759521,0.0279929637909,0.0238339138031
1253,0.023138999939,0.0280270576477,0.0239019680023
1254,0.0232338905334,0.0272648334503,0.0240350914001
1255,0.0233550071716,0.0278649330139,0.0242030715942
1256,0.0233170986176,0.0274219512939,0.0240142154694
1257,0.0233018398285,0.027755022049,0.0241836690903
1258,0.0233299732208,0.029363155365,0.0242218875885
1259,0.023362159729,0.039391040802,0.0244801044464
1260,0.023313999176,0.0273180007935,0.0241456222534
1261,0.0234298706055,0.0272011756897,0.0240333652496
1262,0.0235879421234,0.0275011062622,0.0242860031128
1263,0.0233550071716,0.0261850357056,0.0240713500977
1264,0.0234789848328,0.0268640518188,0.0242533445358
1265,0.0235180854797,0.0290400981903,0.0243446350098
1266,0.0235691070557,0.0266661643982,0.02415163517
1267,0.0235650539398,0.0331938266754,0.0244047880173
1268,0.0237050056458,0.0280630588531,0.0244107484818
1269,0.0236458778381,0.0264880657196,0.0243550252914
1270,0.0235698223114,0.0259339809418,0.0243583297729
1271,0.0239088535309,0.0261011123657,0.0244975423813
1272,0.0237650871277,0.0277061462402,0.0246870088577
1273,0.0241198539734,0.0423679351807,0.0258036851883
1274,0.0243618488312,0.0277149677277,0.0251155567169
1275,0.024258852005,0.0272340774536,0.0248854064941
1276,0.0243608951569,0.0289769172668,0.0250260210037
1277,0.0240621566772,0.0271379947662,0.0250164985657
1278,0.0238909721375,0.0270550251007,0.0248301506042
1279,0.0242331027985,0.0262899398804,0.0249064350128
1280,0.0242128372192,0.027172088623,0.0247921228409
1281,0.0241770744324,0.0264129638672,0.0248671913147
1282,0.0242099761963,0.0266668796539,0.0248608112335
1283,0.0240740776062,0.0276639461517,0.0248672819138
1284,0.0239200592041,0.0263390541077,0.0246482038498
1285,0.0241639614105,0.0270240306854,0.0250796222687
1286,0.0256910324097,0.0334000587463,0.0282783174515
1287,0.0257530212402,0.0294320583344,0.0273962783813
1288,0.0251369476318,0.0289640426636,0.0262115764618
1289,0.0249240398407,0.028370141983,0.0258143854141
1290,0.0252368450165,0.0292990207672,0.0261671733856
1291,0.0252959728241,0.0278911590576,0.0262683010101
1292,0.0253319740295,0.0287878513336,0.0263426589966
1293,0.025404214859,0.0282289981842,0.0262178277969
1294,0.0253419876099,0.0284111499786,0.0262339687347
1295,0.0247890949249,0.0287199020386,0.0257244157791
1296,0.0248939990997,0.0284698009491,0.0257476043701
1297,0.0248801708221,0.0289649963379,0.02580514431
1298,0.0598680973053,0.0727880001068,0.0619645261765
1299,0.0587220191956,0.0657150745392,0.060667309761
1300,0.059602022171,0.0632088184357,0.0610350990295
1301,0.0595910549164,0.0636780261993,0.061079287529
1302,0.0597810745239,0.0642518997192,0.0609539699554
1303,0.0597820281982,0.0631711483002,0.0612645483017
1304,0.0601198673248,0.0749180316925,0.0629240465164
1305,0.059828042984,0.066309928894,0.0619700431824
1306,0.0600519180298,0.0668520927429,0.0626337099075
1307,0.0595810413361,0.0643999576569,0.0610544204712
1308,0.0594000816345,0.0635030269623,0.0611022949219
1309,0.059986114502,0.068263053894,0.0621777677536
1310,0.0593950748444,0.067638874054,0.0630607032776
1311,0.0604231357574,0.0654709339142,0.0619965362549
1312,0.0602531433105,0.065290927887,0.062225561142
1313,0.0600759983063,0.0681400299072,0.0630335521698
1314,0.0325741767883,0.0384829044342,0.033706278801
1315,0.0324590206146,0.0362432003021,0.0333944892883
1316,0.0322561264038,0.0354900360107,0.0336867618561
1317,0.0326850414276,0.0366568565369,0.0339074659348
1318,0.0326159000397,0.035658121109,0.033679485321
1319,0.0263359546661,0.0370409488678,0.027434668541
1320,0.0262959003448,0.0407857894897,0.0278689670563
1321,0.0265848636627,0.0310521125793,0.0281782579422
1322,0.0263459682465,0.0324959754944,0.0284186840057
1323,0.026214838028,0.0294010639191,0.0272734117508
1324,0.0264120101929,0.0291111469269,0.027499423027
1325,0.0265779495239,0.0296130180359,0.0272957324982
1326,0.0264661312103,0.029345035553,0.0275247001648
1327,0.0266242027283,0.0329279899597,0.028199634552
1328,0.0261859893799,0.0316171646118,0.0274004936218
1329,0.0265488624573,0.0296790599823,0.0273099517822
1330,0.0266139507294,0.0300161838531,0.027279920578
1331,0.0264999866486,0.0296909809113,0.0277699422836
1332,0.0266790390015,0.0301370620728,0.027455868721
1333,0.0263748168945,0.0292358398438,0.0271925640106
1334,0.0318460464478,0.0364348888397,0.0330899047852
1335,0.0318257808685,0.0382659435272,0.0333877801895
1336,0.0317969322205,0.0345838069916,0.0326689338684
1337,0.0319471359253,0.0352320671082,0.0330097293854
1338,0.0319879055023,0.0361289978027,0.0330522966385
1339,0.0321719646454,0.0364620685577,0.0330254411697
1340,0.0322351455688,0.0354800224304,0.0330534744263
1341,0.0322561264038,0.0390138626099,0.0336123132706
1342,0.0323629379272,0.040009021759,0.0344874048233
1343,0.0320119857788,0.0465359687805,0.033989739418
1344,0.032121181488,0.0356590747833,0.0334195661545
1345,0.0323710441589,0.0358362197876,0.0331365728378
1346,0.0322849750519,0.0361499786377,0.0339352416992
1347,0.0320270061493,0.0394098758698,0.0340605592728
1348,0.0322890281677,0.0355379581451,0.0333577394485
1349,0.0324549674988,0.0355641841888,0.0334308671951
1350,0.0323691368103,0.0370399951935,0.0335448217392
1351,0.0280179977417,0.0315780639648,0.0289075708389
1352,0.0278339385986,0.0337991714478,0.0295070362091
1353,0.0280840396881,0.0378880500793,0.0309779644012
1354,0.0277781486511,0.0321991443634,0.0293681621552
1355,0.0278291702271,0.0316038131714,0.0284846925735
1356,0.0279598236084,0.0308899879456,0.0290680837631
1357,0.0279288291931,0.0309371948242,0.0286356687546
1358,0.0279769897461,0.0314228534698,0.0287943267822
1359,0.0281891822815,0.0305769443512,0.0289379119873
1360,0.0280799865723,0.0309610366821,0.0288800239563
1361,0.0282909870148,0.0311300754547,0.0290892267227
1362,0.0281481742859,0.031455039978,0.0289582204819
1363,0.0281381607056,0.0307600498199,0.0290526103973
1364,0.0279490947723,0.0313420295715,0.028926076889
1365,0.0285468101501,0.0320539474487,0.0292910718918
1366,0.0281040668488,0.0312869548798,0.0288305091858
1367,0.0283279418945,0.0312438011169,0.0290845108032
1368,0.0286109447479,0.0488729476929,0.0296882867813
1369,0.0282878875732,0.0306971073151,0.0291973352432
1370,0.028480052948,0.031485080719,0.0293780660629
1371,0.0283360481262,0.032280921936,0.0293367528915
1372,0.0284299850464,0.0330979824066,0.0303969955444
1373,0.0287868976593,0.0353920459747,0.0313482093811
1374,0.0283908843994,0.0340259075165,0.0304619169235
1375,0.0287401676178,0.0323209762573,0.0296409320831
1376,0.0288240909576,0.0332841873169,0.0307089662552
1377,0.0284430980682,0.0322070121765,0.0293470335007
1378,0.0287098884583,0.0316829681396,0.0296047019958
1379,0.0285470485687,0.0320580005646,0.0293664264679
1380,0.0288789272308,0.032655954361,0.030444149971
1381,0.0288808345795,0.0324048995972,0.0300660228729
1382,0.0325109958649,0.0357871055603,0.0336629056931
1383,0.0325679779053,0.0356788635254,0.0338143920898
1384,0.032665014267,0.0421900749207,0.0337322330475
1385,0.0328929424286,0.0371298789978,0.0339657640457
1386,0.0329411029816,0.0398309230804,0.0346518421173
1387,0.0327727794647,0.0380480289459,0.0338683891296
1388,0.0327551364899,0.0376391410828,0.0343224525452
1389,0.0326900482178,0.0368599891663,0.0334199523926
1390,0.032879114151,0.0361361503601,0.0338027429581
1391,0.0327961444855,0.0351839065552,0.0338260889053
1392,0.0325889587402,0.0354671478271,0.0337169265747
1393,0.0451529026031,0.0488061904907,0.0463002872467
1394,0.0454580783844,0.0507969856262,0.0470168304443
1395,0.0453431606293,0.0504310131073,0.0469437646866
1396,0.0457470417023,0.0486569404602,0.0463725233078
1397,0.0456869602203,0.0582690238953,0.0473023366928
1398,0.0458788871765,0.0498220920563,0.0470964193344
1399,0.0455708503723,0.0491499900818,0.0470375537872
1400,0.0337519645691,0.0381550788879,0.0348387908936
1401,0.0336680412292,0.0364129543304,0.0344919204712
1402,0.0337100028992,0.0410540103912,0.0352064418793
1403,0.0337510108948,0.0370621681213,0.0345513820648
1404,0.0340089797974,0.0373768806458,0.0350320005417
1405,0.0342578887939,0.0375258922577,0.0354041624069
1406,0.034029006958,0.03644490242,0.0349096107483
1407,0.0340149402618,0.0379841327667,0.0350772476196
1408,0.0340540409088,0.0369279384613,0.0352299833298
1409,0.033919095993,0.0376899242401,0.0349405622482
1410,0.0337781906128,0.0378620624542,0.035072927475
1411,0.0341100692749,0.0374610424042,0.0350016546249
1412,0.0339360237122,0.0382590293884,0.0349947023392
1413,0.0339770317078,0.0373950004578,0.0348193264008
1414,0.0341441631317,0.038144826889,0.0350710821152
1415,0.0342700481415,0.0366268157959,0.0350665378571
1416,0.0339930057526,0.0372269153595,0.0351337003708
1417,0.034187078476,0.0382101535797,0.0351765012741
1418,0.0342311859131,0.0382101535797,0.0353671073914
1419,0.0342931747437,0.0374128818512,0.0349665260315
1420,0.0346541404724,0.0373759269714,0.0354485750198
1421,0.0341949462891,0.0368559360504,0.0350793933868
1422,0.0345230102539,0.0376930236816,0.035531744957
1423,0.0343821048737,0.0381598472595,0.0359430980682
1424,0.0346360206604,0.0377571582794,0.0358043766022
1425,0.0345020294189,0.0389521121979,0.0356814241409
1426,0.0345871448517,0.0377368927002,0.0356583023071
1427,0.0344560146332,0.0377051830292,0.035661482811
1428,0.0344390869141,0.0431771278381,0.0363242721558
1429,0.0343859195709,0.0393929481506,0.0356491231918
1430,0.0343279838562,0.0389130115509,0.0354632139206
1431,0.0344820022583,0.0391869544983,0.0361058139801
1432,0.034747838974,0.0384469032288,0.0362504529953
1433,0.0344130992889,0.0442950725555,0.0357446289062
1434,0.0346760749817,0.0393049716949,0.0358916854858
1435,0.0345420837402,0.0380139350891,0.0354731750488
1436,0.034590959549,0.0384020805359,0.0359601926804
1437,0.0348930358887,0.0384550094604,0.0357416534424
1438,0.0346319675446,0.0386030673981,0.0360116004944
1439,0.030503988266,0.0338549613953,0.0313073348999
1440,0.0311920642853,0.0337150096893,0.0320724916458
1441,0.0307669639587,0.0354251861572,0.0317250394821
1442,0.0308520793915,0.0353000164032,0.0320870685577
1443,0.0308380126953,0.0339698791504,0.0314889621735
1444,0.0309369564056,0.0415930747986,0.0322184467316
1445,0.0306618213654,0.0345339775085,0.0318352079391
1446,0.0310339927673,0.043958902359,0.0323302030563
1447,0.0301430225372,0.0342531204224,0.0312786054611
1448,0.0306060314178,0.0335350036621,0.0315056324005
1449,0.0304291248322,0.0338749885559,0.0312445020676
1450,0.0306580066681,0.0335438251495,0.0315180778503
1451,0.0303709506989,0.0362558364868,0.0315378141403
1452,0.0307931900024,0.0366508960724,0.0316130018234
1453,0.0307068824768,0.0341281890869,0.0315205478668
1454,0.0307338237762,0.0339639186859,0.0314959955215
1455,0.0306091308594,0.0339689254761,0.0316239500046
1456,0.0304288864136,0.0332009792328,0.0313584041595
1457,0.0305209159851,0.0339241027832,0.031572136879
1458,0.0304899215698,0.0337879657745,0.0314281272888
1459,0.0306079387665,0.0359210968018,0.0314702129364
1460,0.0304338932037,0.0518970489502,0.0319704246521
1461,0.030711889267,0.040815114975,0.0318383073807
1462,0.0376360416412,0.0422389507294,0.0391670751572
1463,0.0377209186554,0.0417621135712,0.0388149881363
1464,0.0376040935516,0.0432221889496,0.0394013929367
1465,0.0374619960785,0.0408639907837,0.0389329719543
1466,0.0378539562225,0.0505979061127,0.0399712944031
1467,0.0377440452576,0.0537970066071,0.0389388561249
1468,0.0376620292664,0.043468952179,0.0390101957321
1469,0.0375311374664,0.0417051315308,0.0389457607269
1470,0.0380380153656,0.0417218208313,0.0394541501999
1471,0.0380461215973,0.0417680740356,0.0389969491959
1472,0.0381729602814,0.0411341190338,0.0391692447662
1473,0.0380330085754,0.0416619777679,0.0390416288376
1474,0.0379550457001,0.0435271263123,0.0390137481689
1475,0.0380129814148,0.0419609546661,0.0392797136307
1476,0.0380489826202,0.0444898605347,0.0392440462112
1477,0.0385899543762,0.0418779850006,0.0397072935104
1478,0.0379250049591,0.0414237976074,0.0390572357178
1479,0.0384001731873,0.0417699813843,0.0394563817978
1480,0.0383701324463,0.0424590110779,0.0393173694611
1481,0.0381920337677,0.0424311161041,0.0393026971817
1482,0.0381081104279,0.0424258708954,0.0396164464951
1483,0.0383710861206,0.0437898635864,0.0394425773621
1484,0.0384609699249,0.0438611507416,0.0393336248398
1485,0.0383851528168,0.0431959629059,0.0392209291458
1486,0.0383329391479,0.0432059764862,0.0393264436722
1487,0.0383529663086,0.0420141220093,0.0390519762039
1488,0.0384860038757,0.0428650379181,0.0396046257019
1489,0.0385789871216,0.0426909923553,0.0395536136627
1490,0.038428068161,0.04372215271,0.0394839429855
1491,0.0381259918213,0.0487771034241,0.0400897979736
1492,0.0381548404694,0.0420088768005,0.0392494487762
1493,0.0318751335144,0.0364420413971,0.0330485248566
1494,0.0318260192871,0.0359220504761,0.0330151987076
1495,0.0319221019745,0.0404620170593,0.0332570981979
1496,0.0321888923645,0.0358130931854,0.0333536529541
1497,0.0318779945374,0.0360391139984,0.0329330539703
1498,0.0318131446838,0.0368778705597,0.0329961776733
1499,0.031909942627,0.0345389842987,0.0328917264938
1500,0.0320188999176,0.0358800888062,0.0329133796692
